{
    "TransportData": [
    ],
    "NpcsTimers": [
    ],
    "FactionData": [
    ],
    "BankData": [
    ],
    "ItemGiversList": [
    ],
    "QuestData": {
        "CompletedQuests": [
            {
                "Quest": 1,
                "Date": 194757L
            }
        ],
        "ActiveQuests": [
        ]
    },
    "PlayerCompanionId": 0,
    "DialogData": [
        {
            "Dialog": 4
        },
        {
            "Dialog": 5
        },
        {
            "Dialog": 6
        },
        {
            "Dialog": 7
        },
        {
            "Dialog": 9
        }
    ],
    "ItemGiverChained": [
    ],
    "MailData": [
    ],
    "PlayerName": "NFernanG",
    "UUID": "16cbba6d-4a64-4040-a1e9-db05d65fd332",
    "ScriptStoreddata": {
    }
}
