{
    "TransportData": [
    ],
    "NpcsTimers": [
    ],
    "FactionData": [
        {
            "Points": 2000,
            "Faction": 0
        }
    ],
    "BankData": [
    ],
    "ItemGiversList": [
    ],
    "QuestData": {
        "CompletedQuests": [
            {
                "Quest": 1,
                "Date": 193248L
            }
        ],
        "ActiveQuests": [
        ]
    },
    "PlayerCompanionId": 0,
    "DialogData": [
        {
            "Dialog": 4
        },
        {
            "Dialog": 5
        },
        {
            "Dialog": 6
        },
        {
            "Dialog": 7
        },
        {
            "Dialog": 8
        },
        {
            "Dialog": 9
        },
        {
            "Dialog": 10
        },
        {
            "Dialog": 12
        }
    ],
    "ItemGiverChained": [
    ],
    "MailData": [
    ],
    "PlayerName": "Fneiza",
    "UUID": "74db06a6-01ff-4bab-a670-3639c141f3a1",
    "ScriptStoreddata": {
    }
}
