{"stats":{"minecraft:picked_up":{"minecraft:stick":2,"born_in_chaos_v1:orbofthe_summoner":1,"iceandfire:dragonsteel_lightning_sword":1,"iceandfire:dragonsteel_lightning_chestplate":1,"iceandfire:dragonsteel_lightning_boots":1,"tombstone:grave_dust":1,"born_in_chaos_v1:pieceofdarkmetal":2,"iceandfire:dragonsteel_lightning_leggings":1,"astralsorcery:tome":1,"minecraft:arrow":2,"minecraft:bone":8,"iceandfire:dragonsteel_lightning_helmet":2,"minecraft:apple":3,"minecraft:wheat_seeds":7,"minecraft:poppy":7,"minecraft:oxeye_daisy":2},"minecraft:dropped":{"astralsorcery:tome":1},"minecraft:used":{"born_in_chaos_v1:supreme_measure":8,"minecraft:birch_planks":1,"minecraft:grass_block":37,"minecraft:stone":15,"minecraft:zombie_spawn_egg":1,"born_in_chaos_v1:dark_vortex_n_spawn_egg":1,"minecraft:stone_bricks":16,"born_in_chaos_v1:infected_diamond_ore":1,"iceandfire:dragonsteel_lightning_sword":3,"born_in_chaos_v1:dread_hound_n_spawn_egg":1},"minecraft:killed":{"minecraft:zombie":1,"born_in_chaos_v1:dread_hound_n":1,"born_in_chaos_v1:skeleton_thrasher":1,"born_in_chaos_v1:baby_sk_pow":4,"born_in_chaos_v1:supreme_bonescaller_s_2":1,"minecraft:cow":1,"born_in_chaos_v1:s_bonescaller_n":1},"minecraft:custom":{"minecraft:time_since_rest":82824,"minecraft:sprint_one_cm":13229,"minecraft:damage_taken":30,"minecraft:walk_one_cm":54865,"minecraft:mob_kills":10,"minecraft:drop":1,"minecraft:damage_dealt":2703,"minecraft:fly_one_cm":292720,"minecraft:play_one_minute":82824,"minecraft:crouch_one_cm":834,"tombstone:undead_killed":8,"minecraft:sneak_time":1166,"minecraft:jump":113,"minecraft:damage_dealt_resisted":15729,"minecraft:leave_game":3,"minecraft:time_since_death":82824,"minecraft:walk_on_water_one_cm":190}},"DataVersion":2586}