{"stats":{"minecraft:picked_up":{"minecraft:stick":42,"minecraft:azure_bluet":1,"born_in_chaos_v1:orbofthe_summoner":1,"minecraft:dandelion":1,"iceandfire:dragonsteel_lightning_sword":1,"minecraft:oak_log":24,"iceandfire:dragonsteel_lightning_chestplate":1,"minecraft:stone_button":2,"iceandfire:dragonsteel_lightning_boots":1,"tombstone:grave_dust":1,"minecraft:gunpowder":2,"born_in_chaos_v1:pieceofdarkmetal":2,"minecraft:cornflower":3,"minecraft:string":6,"biomesoplenty:flowering_oak_sapling":2,"iceandfire:dragonsteel_lightning_leggings":1,"astralsorcery:tome":1,"minecraft:command_block":1,"minecraft:arrow":3,"minecraft:bone":12,"minecraft:rotten_flesh":2,"iceandfire:dragonsteel_lightning_helmet":2,"minecraft:apple":9,"minecraft:peony":1,"minecraft:wheat_seeds":26,"minecraft:poppy":17,"minecraft:oak_sapling":59,"minecraft:birch_sapling":12,"minecraft:oxeye_daisy":7},"minecraft:dropped":{"astralsorcery:tome":1},"minecraft:used":{"minecraft:glass":8,"born_in_chaos_v1:supreme_measure":10,"minecraft:stone_brick_slab":14,"minecraft:sea_lantern":514,"minecraft:command_block":3,"minecraft:birch_planks":112,"minecraft:grass_block":645,"minecraft:stone_button":2,"minecraft:oak_planks":223,"minecraft:stone":15,"minecraft:zombie_spawn_egg":1,"born_in_chaos_v1:dark_vortex_n_spawn_egg":1,"minecraft:stone_bricks":593,"minecraft:oak_leaves":272,"born_in_chaos_v1:infected_diamond_ore":1,"minecraft:oak_slab":50,"iceandfire:dragonsteel_lightning_sword":3,"opf:opf":12,"minecraft:gold_block":37,"born_in_chaos_v1:dread_hound_n_spawn_egg":1,"securitycraft:reinforced_piston":2,"minecraft:coarse_dirt":40,"minecraft:birch_stairs":55},"minecraft:killed":{"minecraft:zombie":1,"born_in_chaos_v1:dread_hound_n":1,"born_in_chaos_v1:skeleton_thrasher":1,"born_in_chaos_v1:wither_strider":2,"born_in_chaos_v1:baby_sk_pow":4,"born_in_chaos_v1:supreme_bonescaller_s_2":1,"minecraft:cow":1,"born_in_chaos_v1:s_bonescaller_n":1},"minecraft:custom":{"minecraft:time_since_rest":307167,"minecraft:sprint_one_cm":204905,"minecraft:damage_taken":90,"minecraft:walk_one_cm":546803,"minecraft:mob_kills":12,"minecraft:drop":1,"minecraft:damage_dealt":3013,"minecraft:fly_one_cm":1456770,"minecraft:crouch_one_cm":2866,"minecraft:play_one_minute":307167,"minecraft:walk_under_water_one_cm":502,"tombstone:undead_killed":8,"minecraft:sneak_time":4543,"minecraft:jump":1032,"minecraft:damage_dealt_resisted":15729,"minecraft:leave_game":4,"minecraft:walk_on_water_one_cm":5920,"minecraft:time_since_death":307167}},"DataVersion":2586}