{"stats":{"minecraft:picked_up":{"minecraft:birch_log":8,"born_in_chaos_v1:staffof_magic_arrows":1,"born_in_chaos_v1:seedof_chaos":1,"minecraft:oak_log":48,"iceandfire:dragonsteel_lightning_boots":1,"minecraft:gunpowder":3,"minecraft:dirt":2,"minecraft:string":1,"born_in_chaos_v1:monster_skin":2,"minecraft:bone":24,"minecraft:apple":3,"minecraft:wheat_seeds":4,"minecraft:poppy":7,"minecraft:sugar_cane":4,"minecraft:birch_sapling":7,"minecraft:phantom_membrane":1,"opf:opf":1,"minecraft:stick":22,"born_in_chaos_v1:orbofthe_summoner":2,"minecraft:dandelion":1,"tombstone:grave_dust":3,"minecraft:spider_eye":1,"minecraft:rotten_flesh":7,"minecraft:diamond":5,"minecraft:oak_sapling":42,"customnpcs:npcwand":1,"minecraft:oak_leaves":1,"minecraft:oxeye_daisy":4},"minecraft:dropped":{"iceandfire:dragonsteel_lightning_helmet":1,"born_in_chaos_v1:orbofthe_summoner":1,"iceandfire:dragonsteel_lightning_chestplate":1,"minecraft:command_block":1,"customnpcs:npcwand":1,"iceandfire:dragonsteel_lightning_leggings":1,"minecraft:oak_leaves":1,"iceandfire:dragonsteel_lightning_sword":1,"iceandfire:dragonsteel_lightning_boots":2},"minecraft:used":{"minecraft:birch_planks":490,"minecraft:oak_planks":43,"minecraft:black_carpet":2,"minecraft:stone":2,"minecraft:zombie_spawn_egg":1,"customnpcs:npcwand":13,"minecraft:oak_door":2,"minecraft:oak_leaves":225,"minecraft:white_wool":69,"minecraft:torch":5,"minecraft:mossy_cobblestone":25,"minecraft:sand":20,"minecraft:dirt":22,"minecraft:white_carpet":2,"minecraft:oak_slab":42,"opf:opf":1,"born_in_chaos_v1:dread_hound_n_spawn_egg":1,"minecraft:white_bed":4,"minecraft:stone_brick_wall":217,"minecraft:spruce_fence":10,"born_in_chaos_v1:wither_strider_n_spawn_egg":1,"born_in_chaos_v1:supreme_measure":19,"minecraft:oak_log":118,"minecraft:glass":3,"minecraft:stone_brick_slab":7,"minecraft:sea_lantern":913,"minecraft:iron_axe":1,"minecraft:grass_block":172,"minecraft:oak_stairs":84,"minecraft:netherite_axe":36,"minecraft:stone_bricks":83,"born_in_chaos_v1:supreme_bonecaller_spawn_egg":1,"minecraft:cobblestone":45,"iceandfire:dragonsteel_lightning_sword":4,"minecraft:cooked_porkchop":6,"minecraft:birch_log":17,"minecraft:gold_block":1,"customnpcs:npcmobcloner":44,"born_in_chaos_v1:s_bonescaller_n_spawn_egg":2,"minecraft:enchanted_golden_apple":2,"minecraft:bone_meal":75,"minecraft:birch_stairs":28},"minecraft:killed":{"born_in_chaos_v1:restless_spirit":2,"minecraft:bat":1,"born_in_chaos_v1:skeleton_bomb":1,"born_in_chaos_v1:wither_strider_n":1,"born_in_chaos_v1:supreme_bonescaller_s_2":2,"born_in_chaos_v1:s_bonescaller_n":1,"born_in_chaos_v1:supreme_bonecaller":1,"minecraft:phantom":1,"born_in_chaos_v1:zombieswith_door":1,"minecraft:sheep":1,"born_in_chaos_v1:decaying_zombie":1,"minecraft:zombie":4,"born_in_chaos_v1:dread_hound":1,"born_in_chaos_v1:dread_hound_n":1,"minecraft:skeleton_horse":3,"born_in_chaos_v1:baby_sk_pow":1,"minecraft:cow":1},"minecraft:mined":{"minecraft:birch_log":17,"minecraft:grass":3,"minecraft:oak_log":89,"minecraft:oak_leaves":15},"minecraft:custom":{"minecraft:mob_kills":28,"tombstone:raider_killed":1,"minecraft:play_one_minute":307388,"minecraft:damage_dealt_resisted":23602,"minecraft:leave_game":7,"minecraft:time_since_death":217939,"minecraft:time_since_rest":217766,"minecraft:sprint_one_cm":266522,"minecraft:damage_taken":15785,"minecraft:walk_one_cm":531118,"minecraft:drop":10,"minecraft:damage_dealt":7566,"minecraft:swim_one_cm":212,"minecraft:fly_one_cm":1988034,"minecraft:crouch_one_cm":7903,"tombstone:undead_killed":16,"minecraft:deaths":2,"minecraft:sneak_time":3307,"minecraft:walk_under_water_one_cm":333,"minecraft:jump":1295,"minecraft:walk_on_water_one_cm":2831,"minecraft:fall_one_cm":2508}},"DataVersion":2586}