{"stats":{"minecraft:picked_up":{"minecraft:stick":10,"born_in_chaos_v1:orbofthe_summoner":2,"minecraft:oak_log":23,"iceandfire:dragonsteel_lightning_boots":1,"tombstone:grave_dust":2,"minecraft:spider_eye":1,"minecraft:string":1,"born_in_chaos_v1:monster_skin":1,"minecraft:bone":18,"minecraft:wheat_seeds":4,"minecraft:poppy":7,"minecraft:oak_sapling":15,"minecraft:oxeye_daisy":4},"minecraft:mined":{"minecraft:grass":1,"minecraft:oak_log":23},"minecraft:dropped":{"iceandfire:dragonsteel_lightning_helmet":1,"iceandfire:dragonsteel_lightning_leggings":1,"born_in_chaos_v1:orbofthe_summoner":1,"iceandfire:dragonsteel_lightning_chestplate":1,"iceandfire:dragonsteel_lightning_sword":1,"iceandfire:dragonsteel_lightning_boots":2},"minecraft:used":{"minecraft:oak_log":24,"born_in_chaos_v1:supreme_measure":7,"minecraft:iron_axe":1,"minecraft:grass_block":21,"customnpcs:npcwand":2,"born_in_chaos_v1:supreme_bonecaller_spawn_egg":1,"minecraft:dirt":22,"minecraft:cooked_porkchop":6,"iceandfire:dragonsteel_lightning_sword":3,"born_in_chaos_v1:dread_hound_n_spawn_egg":1,"born_in_chaos_v1:s_bonescaller_n_spawn_egg":2,"born_in_chaos_v1:wither_strider_n_spawn_egg":1,"minecraft:enchanted_golden_apple":2},"minecraft:killed":{"born_in_chaos_v1:decaying_zombie":1,"minecraft:zombie":1,"born_in_chaos_v1:dread_hound_n":1,"born_in_chaos_v1:wither_strider_n":1,"born_in_chaos_v1:baby_sk_pow":1,"born_in_chaos_v1:supreme_bonescaller_s_2":2,"born_in_chaos_v1:s_bonescaller_n":1,"minecraft:cow":1,"born_in_chaos_v1:supreme_bonecaller":1},"minecraft:custom":{"minecraft:time_since_rest":73703,"minecraft:sprint_one_cm":24435,"minecraft:damage_taken":15785,"minecraft:walk_one_cm":75209,"minecraft:mob_kills":10,"minecraft:drop":7,"minecraft:damage_dealt":3650,"minecraft:swim_one_cm":212,"minecraft:fly_one_cm":519358,"minecraft:crouch_one_cm":1073,"minecraft:play_one_minute":82808,"tombstone:undead_killed":7,"minecraft:deaths":1,"minecraft:sneak_time":582,"minecraft:walk_under_water_one_cm":333,"minecraft:damage_dealt_resisted":23602,"minecraft:jump":342,"minecraft:leave_game":5,"minecraft:walk_on_water_one_cm":1475,"minecraft:time_since_death":73729,"minecraft:fall_one_cm":1045}},"DataVersion":2586}