{
  "sophisticatedbackpacks:recipes/sophisticatedbackpacks/blasting_upgrade": {
    "criteria": {
      "has_upgrade_base": "2024-05-16 13:36:19 -0500"
    },
    "done": true
  },
  "farmersdelight:main/root": {
    "criteria": {
      "seeds": "2024-05-16 13:36:19 -0500"
    },
    "done": true
  },
  "sophisticatedbackpacks:recipes/sophisticatedbackpacks/smoking_upgrade_from_smelting_upgrade": {
    "criteria": {
      "has_smelting_upgrade": "2024-05-16 13:36:19 -0500"
    },
    "done": true
  },
  "create:root": {
    "criteria": {
      "0": "2024-05-16 13:36:19 -0500"
    },
    "done": true
  },
  "iceandfire:iceandfire/root": {
    "criteria": {
      "tick": "2024-05-16 13:36:20 -0500"
    },
    "done": true
  },
  "tombstone:adventure/find_easter_egg": {
    "criteria": {
      "coded_trigger": "2024-05-16 13:36:19 -0500"
    },
    "done": true
  },
  "sophisticatedbackpacks:recipes/sophisticatedbackpacks/auto_smoking_upgrade": {
    "criteria": {
      "has_smoking_upgrade": "2024-05-16 13:36:19 -0500"
    },
    "done": true
  },
  "tombstone:adventure/root": {
    "criteria": {
      "auto": "2024-05-16 13:36:19 -0500"
    },
    "done": true
  },
  "sophisticatedbackpacks:recipes/sophisticatedbackpacks/auto_smoking_upgrade_from_auto_smelting_upgrade": {
    "criteria": {
      "has_auto_smelting_upgrade": "2024-05-16 13:36:19 -0500"
    },
    "done": true
  },
  "cataclysm:root": {
    "criteria": {
      "custom_test_name": "2024-05-16 13:36:20 -0500"
    },
    "done": true
  },
  "sophisticatedbackpacks:recipes/sophisticatedbackpacks/smoking_upgrade": {
    "criteria": {
      "has_upgrade_base": "2024-05-16 13:36:19 -0500"
    },
    "done": true
  },
  "sophisticatedbackpacks:recipes/sophisticatedbackpacks/auto_blasting_upgrade": {
    "criteria": {
      "has_blasting_upgrade": "2024-05-16 13:36:19 -0500"
    },
    "done": true
  },
  "sophisticatedbackpacks:recipes/sophisticatedbackpacks/blasting_upgrade_from_smelting_upgrade": {
    "criteria": {
      "has_smelting_upgrade": "2024-05-16 13:36:19 -0500"
    },
    "done": true
  },
  "sophisticatedbackpacks:recipes/sophisticatedbackpacks/auto_blasting_upgrade_from_auto_smelting_upgrade": {
    "criteria": {
      "has_auto_smelting_upgrade": "2024-05-16 13:36:19 -0500"
    },
    "done": true
  },
  "mowziesmobs:root": {
    "criteria": {
      "custom_test_name": "2024-05-16 13:36:20 -0500"
    },
    "done": true
  },
  "repurposed_structures:root": {
    "criteria": {
      "always": "2024-05-16 13:36:20 -0500"
    },
    "done": true
  },
  "minecraft:adventure/adventuring_time": {
    "criteria": {
      "minecraft:birch_forest": "2024-05-16 13:36:44 -0500",
      "minecraft:river": "2024-05-16 13:36:19 -0500",
      "minecraft:plains": "2024-05-16 13:36:59 -0500"
    },
    "done": false
  },
  "DataVersion": 2586
}